dataloader,model,workers,sequence,seed,epoch,batch_size,batches_cnt,epoch_time,batch_time,data_time,train_time,data_path
torchvision - torch==1.4.1 torchvision==0.5.0,resnet18,6,False,1234,0,256,5005,2844.8885037899017,0.5682922629090575,0.38528070111612933,0.18301156179292813,/Tmp/slurm.658929.0/localscratch/datasets/imagenet_torchvision
torchvision - torch==1.4.1 torchvision==0.5.0,resnet18,6,False,1234,1,256,5005,2876.880615592003,0.5810427748597228,0.38678061764437954,0.19426215721534326,/Tmp/slurm.658929.0/localscratch/datasets/imagenet_torchvision
torchvision - torch==1.4.1 torchvision==0.5.0,resnet50,6,False,1234,0,256,5005,4774.765965938568,0.9538972188661863,0.0011718714272940195,0.9527253474388923,/Tmp/slurm.658929.0/localscratch/datasets/imagenet_torchvision
torchvision - torch==1.4.1 torchvision==0.5.0,resnet50,6,False,1234,1,256,5005,4769.610959410667,0.951795321339732,0.0010799649950269457,0.950715356344705,/Tmp/slurm.658929.0/localscratch/datasets/imagenet_torchvision
torchvision - torch==1.4.1 torchvision==0.5.0,resnet18,6,False,1234,0,128,10010,2746.2899026870728,0.2743036575012512,0.17336190987776567,0.10094174762348553,/Tmp/slurm.658929.0/localscratch/datasets/imagenet_torchvision
torchvision - torch==1.4.1 torchvision==0.5.0,resnet18,6,False,1234,1,128,10010,2742.093702316284,0.2734508606341931,0.1739232122362196,0.09952764839797348,/Tmp/slurm.658929.0/localscratch/datasets/imagenet_torchvision
torchvision - torch==1.4.1 torchvision==0.5.0,resnet50,6,False,1234,0,128,10010,4823.858327865601,0.48185175375028566,0.0005011824342039796,0.48135057131608167,/Tmp/slurm.658929.0/localscratch/datasets/imagenet_torchvision
torchvision - torch==1.4.1 torchvision==0.5.0,resnet50,6,False,1234,1,128,10010,4819.0831735134125,0.4808842457257784,0.0005386684086177494,0.4803455773171607,/Tmp/slurm.658929.0/localscratch/datasets/imagenet_torchvision
