dataloader,model,workers,sequence,seed,epoch,batch_size,batches_cnt,epoch_time,batch_time,data_time,train_time,data_path
benzina - 47b060b88c5acba783f97e9d80fa10b32d3371f5,resnet18,1,False,1234,0,128,10010,1354.359501838684,0.13487135246917084,0.1347749819645991,9.637050457172223e-05,/Tmp/slurm.661833.0/localscratch/datasets/imagenet_benzina/ilsvrc2012.mp4
benzina - 47b060b88c5acba783f97e9d80fa10b32d3371f5,resnet18,1,False,1234,1,128,10010,1348.7872965335846,0.13372204356141143,0.1335503214246386,0.0001717221367728341,/Tmp/slurm.661833.0/localscratch/datasets/imagenet_benzina/ilsvrc2012.mp4
benzina - 47b060b88c5acba783f97e9d80fa10b32d3371f5,resnet50,1,False,1234,0,128,10010,1355.1575019359589,0.13493450150027736,0.1348350529189591,9.944858131827889e-05,/Tmp/slurm.661833.0/localscratch/datasets/imagenet_benzina/ilsvrc2012.mp4
benzina - 47b060b88c5acba783f97e9d80fa10b32d3371f5,resnet50,1,False,1234,1,128,10010,1349.7924404144287,0.1338304665181544,0.13365561681074814,0.00017484970740624123,/Tmp/slurm.661833.0/localscratch/datasets/imagenet_benzina/ilsvrc2012.mp4
benzina - 47b060b88c5acba783f97e9d80fa10b32d3371f5,resnet18,1,False,1234,0,128,10010,1367.7210550308228,0.13620088174269274,0.13608992597558997,0.00011095576710277027,/Tmp/slurm.661833.0/localscratch/datasets/imagenet_benzina/ilsvrc2012.mp4
benzina - 47b060b88c5acba783f97e9d80fa10b32d3371f5,resnet18,1,False,1234,1,128,10010,1362.0621361732483,0.13504285366980584,0.1348649954581475,0.00017785821165833678,/Tmp/slurm.661833.0/localscratch/datasets/imagenet_benzina/ilsvrc2012.mp4
benzina - 47b060b88c5acba783f97e9d80fa10b32d3371f5,resnet50,1,False,1234,0,128,10010,1369.9224288463593,0.13640737693150204,0.13629627708907607,0.00011109984242594564,/Tmp/slurm.661833.0/localscratch/datasets/imagenet_benzina/ilsvrc2012.mp4
benzina - 47b060b88c5acba783f97e9d80fa10b32d3371f5,resnet50,1,False,1234,1,128,10010,1363.4848030805588,0.13507347502313055,0.13489130026810653,0.0001821747550240287,/Tmp/slurm.661833.0/localscratch/datasets/imagenet_benzina/ilsvrc2012.mp4
